Date,Total_Tasks,Failed_Tasks,Avg_Duration_Min
2026-06-04,120,2,18
2026-06-05,128,3,21
2026-06-06,136,4,24
2026-06-07,144,5,18
2026-06-08,152,0,21
2026-06-09,160,1,24
2026-06-10,168,2,18
2026-06-11,120,3,21
2026-06-12,128,4,24
2026-06-13,136,5,18
2026-06-14,144,0,21
2026-06-15,152,1,24
2026-06-16,160,2,18
2026-06-17,168,3,21
2026-06-18,120,4,24
2026-06-19,128,5,18
2026-06-20,136,0,21
2026-06-21,144,1,24
2026-06-22,152,2,18
2026-06-23,160,3,21
2026-06-24,168,4,24
2026-06-25,120,5,18
2026-06-26,128,0,21
2026-06-27,136,1,24
2026-06-28,144,2,18
2026-06-29,152,3,21
2026-06-30,160,4,24
2026-07-01,168,5,18
2026-07-02,120,0,21
2026-07-03,128,1,24
